{"parent":"index.json","context":{"market":"in"},"sections":{"7438e40e-7ade-4b6c-9ae7-611a7bd61056":{"type":"slideshow","disabled":false,"settings":{"layout":"full_bleed","slide_height":"medium","slider_visual":"counter","auto_rotate":true,"change_slides_speed":3,"header-46f1d72bd9e163a15428e68b33121fb2":null,"image_behavior":"none","header-ff40f0304fa7d0d2f3f60a8ce6f200c3":null,"show_text_below":true,"header-542dd62b0954a1ec42ecb5827b224d39":null,"accessibility_info":"Slideshow about our brand"},"blocks":{"template--15956452475019__7438e40e-7ade-4b6c-9ae7-611a7bd61056-slide-2":{"type":"slide","disabled":false,"settings":{"image":"shopify:\/\/shop_images\/b11_b119e4d8-98aa-4101-8f0d-0973754c148f.png","heading":"","heading_size":"h1","subheading":"<em>New Year Sales<\/em>","button_label":"Buy Now ->","link":"shopify:\/\/collections\/all","button_style_secondary":false,"box_align":"middle-center","show_text_box":true,"text_alignment":"center","image_overlay_opacity":0,"color_scheme":"","header-e74e933478bab19fbfed6a008852713e":null,"text_alignment_mobile":"center"}},"template--15956452475019__7438e40e-7ade-4b6c-9ae7-611a7bd61056-slide-1":{"type":"slide","disabled":false,"settings":{"image":"shopify:\/\/shop_images\/b1.jpg","heading":"","heading_size":"h1","subheading":"Bumper Sales new Style...","button_label":"Buy Now ->","link":"shopify:\/\/collections\/all","button_style_secondary":false,"box_align":"middle-center","show_text_box":true,"text_alignment":"center","image_overlay_opacity":0,"color_scheme":"","header-06453cb3476a02476b6b85c56fc20c2a":null,"text_alignment_mobile":"center"}}},"block_order":["template--15956452475019__7438e40e-7ade-4b6c-9ae7-611a7bd61056-slide-2","template--15956452475019__7438e40e-7ade-4b6c-9ae7-611a7bd61056-slide-1"]},"featured_collection":{"settings":{"title":"<strong>Product Category<\/strong>","description":"<p>Creating a compelling and engaging homepage is crucial for attracting visitors and encouraging them to explore your e-commerce website. incorporating key elements to capture users' attention and drive them to explore your products.<\/p>"},"blocks":{}}},"order":["7438e40e-7ade-4b6c-9ae7-611a7bd61056","featured_collection"]}